filename,group,baseline_text,target_text,needs_correction,edit_distance,baseline_score
bg_confusion_000000002.png,bg_confusion,燕老味发,秦晋味道,1,3,0.178237
bg_confusion_000000003.png,bg_confusion,小城,太重宾馆,1,4,0.057654
bg_confusion_000000004.png,bg_confusion,,补胎,1,2,0.204697
bg_confusion_000000005.png,bg_confusion,内设包厢订电店,内设包厢订餐送餐电话,1,4,0.069550
bg_confusion_000000006.png,bg_confusion,炸寓,炸串,1,1,0.197407
bg_confusion_000000007.png,bg_confusion,国城店,第1世界大店,1,5,0.049279
bg_confusion_000000008.png,bg_confusion,夏丰修,夏丰纺纱,1,2,0.282550
bg_confusion_000000009.png,bg_confusion,岳各龙水站,岳各庄水站,1,1,0.157712
bg_confusion_000000011.png,bg_confusion,美海用卫有城公用区车区公产品部,秋梅贸易有限公司优农汇农产品连锁,1,12,0.051101
bg_confusion_000000012.png,bg_confusion,龙联写者部,新联写字楼,1,3,0.067396
bg_confusion_000000014.png,bg_confusion,纪翟路三百五十五养一百支杂,纪翟路三百五十五弄一百支弄,1,2,0.110630
bg_confusion_000000015.png,bg_confusion,,方正证券,1,4,0.032574
bg_confusion_000000017.png,bg_confusion,千兆到家万千浆,千兆到家万千未来,1,2,0.132915
bg_confusion_000000018.png,bg_confusion,52司,13907162417,1,10,0.097713
bg_confusion_000000019.png,bg_confusion,定沃融工地配电箱,定做各种工地配电箱,1,3,0.088141
bg_confusion_000000020.png,bg_confusion,公酒楼,音浩日娲酒楼,1,4,0.101624
bg_confusion_000000021.png,bg_confusion,京瑜中西修,北京裕和中西医,1,4,0.170563
bg_confusion_000000022.png,bg_confusion,苏小店,苏妈小店,1,1,0.143797
bg_confusion_000000023.png,bg_confusion,温州自社设空务团饮工作室,四道口社区警务团队工作室,1,6,0.063468
bg_confusion_000000024.png,bg_confusion,新四学园,新四季园林,1,2,0.245743
bg_confusion_000000025.png,bg_confusion,南鑫馆,尚宾馆,1,2,0.398181
bg_confusion_000000026.png,bg_confusion,非物质文化遇产保护项目,非物质文化遗产保护项目,1,1,0.293110
bg_confusion_000000027.png,bg_confusion,,金恒德宾馆,1,5,0.050635
bg_confusion_000000028.png,bg_confusion,汇丰饺学园,汇丰饺子园,1,1,0.771081
bg_confusion_000000029.png,bg_confusion,中市店,金牛酒店,1,3,0.043886
bg_confusion_000000030.png,bg_confusion,有能鱼鲜作,新鮮冰淇淋·茶飲,1,8,0.064963
bg_confusion_000000031.png,bg_confusion,福,平海国际,1,4,0.047952
bg_confusion_000000032.png,bg_confusion,店,北京中房恒润环保科技发展有限公司,1,16,0.044826
bg_confusion_000000033.png,bg_confusion,上爱是材,金胖子排挡,1,5,0.055042
bg_confusion_000000034.png,bg_confusion,时,啊,1,1,0.135241
bg_confusion_000000035.png,bg_confusion,配送电话:13701872626 15216783389,配送电话：1370187262015216783389,1,3,0.465735
bg_confusion_000000036.png,bg_confusion,地,富尔特宾馆,1,5,0.089224
bg_confusion_000000037.png,bg_confusion,我银,中国银,1,2,0.271851
bg_confusion_000000038.png,bg_confusion,瑞广,张英粉大骗子,1,6,0.050071
bg_confusion_000000039.png,bg_confusion,,夏不为利,1,4,0.067072
bg_confusion_000000040.png,bg_confusion,h,学而思培优,1,5,0.148092
bg_confusion_000000041.png,bg_confusion,字耳,穿耳,1,1,0.093352
bg_confusion_000000042.png,bg_confusion,开鱼,雅,1,2,0.170930
bg_confusion_000000043.png,bg_confusion,阿健品家,同仁医院,1,4,0.056842
bg_confusion_000000044.png,bg_confusion,福,眼镜酸,1,3,0.117345
bg_confusion_000000045.png,bg_confusion,博牌景超带店,红房子招待所,1,6,0.084391
bg_confusion_000000046.png,bg_confusion,南鲜社店,胜高连锁酒店,1,5,0.051577
bg_confusion_000000047.png,bg_confusion,西,西安腊,1,2,0.149363
bg_confusion_000000048.png,bg_confusion,y,上海市非物质文化遗产,1,10,0.029608
bg_confusion_000000049.png,bg_confusion,此处不待，国，事家承食在,此处不得车现事故承责任,1,7,0.084272
bg_confusion_000000050.png,bg_confusion,鑫,一曲中国梦,1,5,0.180615
bg_confusion_000000051.png,bg_confusion,之部,dentalgr,1,8,0.043996
bg_confusion_000000052.png,bg_confusion,紫利棋护,学习铁成精神,1,6,0.052759
bg_confusion_000000054.png,bg_confusion,建中中馆,福乐时尚宾馆,1,5,0.122472
bg_confusion_000000055.png,bg_confusion,尚床在国影餐有限公司,重庆金翔影音有限公司,1,5,0.094579
bg_confusion_000000056.png,bg_confusion,菜,温州,1,2,0.062809
bg_confusion_000000057.png,bg_confusion,,新博美装饰城,1,6,0.140745
bg_confusion_000000058.png,bg_confusion,浙商银材,浙商银行,1,1,0.321394
bg_confusion_000000059.png,bg_confusion,南南益,圆通速递,1,4,0.085522
bg_confusion_000000060.png,bg_confusion,,恒通快速充电巴士,1,8,0.059401
bg_confusion_000000061.png,bg_confusion,O,广州启税财务代理有限公司,1,12,0.088804
bg_confusion_000000063.png,bg_confusion,TIME,ytime,1,5,0.105845
bg_confusion_000000064.png,bg_confusion,镜,wall,1,4,0.074140
bg_confusion_000000065.png,bg_confusion,shob463309774. tadbartrcom,shop463309774.taobao.com,1,6,0.318489
bg_confusion_000000066.png,bg_confusion,,industrial,1,10,0.034849
bg_confusion_000000067.png,bg_confusion,日线,無損傷,1,3,0.062385
bg_confusion_000000068.png,bg_confusion,专业以割石材不材等,专业切割石材木材等,1,2,0.167755
bg_confusion_000000069.png,bg_confusion,ttrt.cnalibaba.com,ttrf.cn.alibaba.com,1,2,0.686794
bg_confusion_000000070.png,bg_confusion,斯,一款,1,2,0.121464
bg_confusion_000000071.png,bg_confusion,好众来通信,好又来通信,1,1,0.114202
bg_confusion_000000072.png,bg_confusion,MAVEUP,makeup,1,6,0.380270
bg_confusion_000000073.png,bg_confusion,X,龙新商行,1,4,0.054128
bg_confusion_000000074.png,bg_confusion,加湿,加温,1,1,0.982042
bg_confusion_000000076.png,bg_confusion,上海市S电机区ANnuna.eOW,http：//myzz.taobao.com,1,20,0.055011
bg_confusion_000000077.png,bg_confusion,电话183889616,电话18322989616,1,3,0.483200
bg_confusion_000000078.png,bg_confusion,千力佳电真工力家集取厂服亮干万家,千力佳照明照亮千万家千力佳照明照亮千万家,1,13,0.196297
bg_confusion_000000079.png,bg_confusion,HOP,hop,1,3,0.921555
bg_confusion_000000082.png,bg_confusion,,752853109,1,9,0.059568
bg_confusion_000000083.png,bg_confusion,COrn,com,1,4,0.318966
bg_confusion_000000084.png,bg_confusion,北华店,光华电子,1,3,0.148697
bg_confusion_000000085.png,bg_confusion,高心系,通讯ic系列,1,5,0.192507
bg_confusion_000000086.png,bg_confusion,0135742962,qq：375642962,1,5,0.228238
bg_confusion_000000087.png,bg_confusion,开宝贝2580,开心宝贝hj2580,1,3,0.102948
bg_confusion_000000088.png,bg_confusion,tamalunchk.tooboo.cem,ｌｕｎｇｌｕｎｇｈｋ．ｔａｏｂａｏ．ｃｏｍ,1,21,0.384902
bg_confusion_000000089.png,bg_confusion,海,jasonbao.taobao.com,1,19,0.086735
bg_confusion_000000092.png,bg_confusion,BLOOMING SWEET,bloomngsweet,1,14,0.610074
bg_confusion_000000093.png,bg_confusion,海盛,博盈信电子,1,5,0.063724
bg_confusion_000000094.png,bg_confusion,15253968262,m15253953262,1,3,0.124199
bg_confusion_000000095.png,bg_confusion,,格兰特电子,1,5,0.128241
bg_confusion_000000096.png,bg_confusion,,29223610372@qq.com,1,18,0.061338
bg_confusion_000000097.png,bg_confusion,王营连15,王官连15,1,1,0.318342
bg_confusion_000000098.png,bg_confusion,gHnes tiorao.com,gkmx.taobao.com,1,7,0.178411
bg_confusion_000000099.png,bg_confusion,深市科盛电于有限公司,深圳市广科盛电子有限公司,1,3,0.363461
bg_confusion_000000100.png,bg_confusion,htpan454by auPscom,http://stop145546725.taobao.com,1,21,0.110923
bg_confusion_000000102.png,bg_confusion,"https///shopl45255601, tacbao.com",https://shop145255601.taobao.com,1,5,0.316878
bg_confusion_000000103.png,bg_confusion,YOUHPANG,youhuabang,1,10,0.533924
bg_confusion_000000104.png,bg_confusion,hp: I/sysrenca,http://syjx.taobao.com,1,16,0.127333
blur_000000001.png,blur,1,格力,1,2,0.072155
blur_000000002.png,blur,想止停车,禁止停车,1,1,0.360063
blur_000000005.png,blur,E,年大吉,1,3,0.114143
blur_000000009.png,blur,P,小商品,1,3,0.102601
blur_000000010.png,blur,福福,本店,1,2,0.077482
blur_000000011.png,blur,国话心,哪吒闹海,1,4,0.100314
blur_000000012.png,blur,红水家具,红木家具,1,1,0.237738
blur_000000014.png,blur,我酒口,珠市口,1,2,0.072397
blur_000000016.png,blur,机财,识别,1,2,0.084353
blur_000000017.png,blur,国青公司,团青公路,1,2,0.566185
blur_000000018.png,blur,隆电电动,招商电话,1,3,0.176111
blur_000000019.png,blur,自,交通银行,1,4,0.134290
blur_000000021.png,blur,中街行,行人过桥请走地道,1,8,0.054871
blur_000000022.png,blur,长虹,長虹,1,1,0.931151
blur_000000023.png,blur,家道,西大道,1,2,0.149215
blur_000000025.png,blur,水,中介,1,2,0.089236
blur_000000026.png,blur,O,格力,1,2,0.225341
blur_000000027.png,blur,福,施工联系,1,4,0.033230
blur_000000029.png,blur,4#,小心台阶,1,4,0.067518
blur_000000030.png,blur,天临,天蝎,1,1,0.097476
blur_000000031.png,blur,福,饮料,1,2,0.034375
blur_000000032.png,blur,售,外经贸大厦,1,5,0.166627
blur_000000033.png,blur,B馆,怡寶,1,2,0.150159
blur_000000035.png,blur,茶,出入平安,1,4,0.244691
blur_000000036.png,blur,自6车银行,自行车通行,1,2,0.158298
blur_000000037.png,blur,M,合伙人,1,3,0.086082
blur_000000039.png,blur,时尚家意利车,时尚家庭特区,1,3,0.098859
blur_000000040.png,blur,福,板金喷漆,1,4,0.079204
blur_000000043.png,blur,北办有限公司,设备有限公司,1,2,0.106286
blur_000000044.png,blur,二发白吃,内设包间,1,4,0.088805
blur_000000048.png,blur,|,紫荆圜,1,3,0.112169
blur_000000050.png,blur,电地单毛售子,电动羊毛剪子,1,3,0.170521
blur_000000051.png,blur,2甲,交通,1,2,0.082837
blur_000000052.png,blur,8,银行,1,2,0.289664
blur_000000053.png,blur,E,公交车,1,3,0.093530
blur_000000055.png,blur,大机路,大教育,1,2,0.110292
blur_000000056.png,blur,FE,中国石油,1,4,0.115564
blur_000000058.png,blur,G心ER,好心家政,1,3,0.080371
blur_000000060.png,blur,速州信,歪嘴老火锅,1,5,0.113554
blur_000000061.png,blur,清上二话,请上二楼,1,2,0.092884
blur_000000062.png,blur,海工座租,施工现场,1,3,0.089259
blur_000000063.png,blur,天U6,笑开颜,1,3,0.178050
blur_000000064.png,blur,福,请进,1,2,0.074419
blur_000000065.png,blur,全场源,全场满,1,1,0.163665
blur_000000066.png,blur,S,康加道菜,1,4,0.046886
blur_000000067.png,blur,代有中,代煎中药,1,2,0.165079
blur_000000068.png,blur,国电学,配电子,1,2,0.236024
blur_000000069.png,blur,楼,大众,1,2,0.241524
blur_000000070.png,blur,中市,发展,1,2,0.146155
blur_000000071.png,blur,卓茶烫,离子烫,1,2,0.079187
blur_000000073.png,blur,,广州市,1,3,0.094161
blur_000000074.png,blur,营汽临,中药馆,1,3,0.068818
blur_000000075.png,blur,精油市场,粮油市场,1,1,0.265099
blur_000000076.png,blur,E,格力,1,2,0.047224
blur_000000079.png,blur,爱,万花丛,1,3,0.058818
blur_000000080.png,blur,|,废品油,1,3,0.059735
blur_000000081.png,blur,T40,订花热线,1,4,0.114366
blur_000000082.png,blur,地,欢迎,1,2,0.060006
blur_000000083.png,blur,小车,修车,1,1,0.065900
blur_000000084.png,blur,手,工程,1,2,0.195201
blur_000000086.png,blur,B片,名片,1,1,0.206728
blur_000000087.png,blur,请中,精华,1,2,0.179536
blur_000000088.png,blur,环城北路团,环城北路口,1,1,0.095014
blur_000000091.png,blur,请生品,售楼部,1,3,0.183998
blur_000000092.png,blur,地通店,动通信,1,2,0.170544
blur_000000094.png,blur,欢迎,火炬大,1,3,0.204038
blur_000000095.png,blur,SU,钻孔,1,2,0.059909
blur_000000097.png,blur,胜影,胜逆,1,1,0.049988
blur_000000098.png,blur,红,全家,1,2,0.056713
blur_000000099.png,blur,杭中,补肺丸,1,3,0.082148
blur_000000100.png,blur,推放,招聘,1,2,0.167027
blur_000000101.png,blur,营吉出口,专道出口,1,2,0.078627
blur_000000102.png,blur,天迎营业,天阳置业,1,2,0.109854
blur_000000103.png,blur,食面,爱面,1,1,0.234202
blur_000000105.png,blur,外牌,棋牌,1,1,0.355503
blur_000000108.png,blur,三品,三星,1,1,0.098087
blur_000000109.png,blur,务出一会机,外出一会儿,1,2,0.058568
blur_000000110.png,blur,师的,美的,1,1,0.064844
blur_000000111.png,blur,文的,文创,1,1,0.151249
blur_000000112.png,blur,招动,移动,1,1,0.748006
blur_000000113.png,blur,数一,执法,1,2,0.078040
blur_000000114.png,blur,门e转让,门面转让,1,1,0.120027
blur_000000115.png,blur,東育,客官,1,2,0.078162
blur_000000116.png,blur,加路,招聘,1,2,0.072396
blur_000000117.png,blur,电装,电缆,1,1,0.078285
blur_000000118.png,blur,景,足疗,1,2,0.108076
blur_000000120.png,blur,民电快货票,汉庭快捷酒,1,4,0.108168
blur_000000121.png,blur,小持指,小拇指,1,1,0.112686
blur_000000122.png,blur,手天前口建,手足臀口油,1,3,0.062433
blur_000000123.png,blur,2车临,口子窖,1,3,0.139123
blur_000000125.png,blur,健丽保行,健康体检,1,3,0.083204
blur_000000126.png,blur,上用品,生用品,1,1,0.675375
blur_000000127.png,blur,直点话行,重点项目,1,3,0.101855
blur_000000128.png,blur,荣,正宗,1,2,0.211874
blur_000000129.png,blur,乐USS,乐逛苏宁,1,3,0.114164
blur_000000130.png,blur,由北上三楼,由此上三楼,1,1,0.306293
blur_000000131.png,blur,招路,经营,1,2,0.080889
blur_000000132.png,blur,家电国,家电网,1,1,0.222785
blur_000000133.png,blur,福家电用,国家电网,1,2,0.067079
blur_000000135.png,blur,白馆,台铃,1,2,0.159566
blur_000000137.png,blur,2印车,源自客家,1,4,0.061026
blur_000000138.png,blur,程,万里,1,2,0.077466
blur_000000139.png,blur,招力,格力,1,1,0.052999
blur_000000140.png,blur,安国中国行彩刻车,立即开始积累财富,1,8,0.056756
blur_000000141.png,blur,美信,签证,1,2,0.116477
blur_000000142.png,blur,饺,公交,1,2,0.227900
blur_000000143.png,blur,1nX,小刀,1,3,0.216357
blur_000000145.png,blur,华乐,华城,1,1,0.111153
blur_000000146.png,blur,R1,只为,1,2,0.241144
blur_000000147.png,blur,大化里计,北京银行,1,4,0.136992
blur_000000148.png,blur,文士养生的,女人养生的,1,2,0.493211
blur_000000149.png,blur,禁临,优雅,1,2,0.126852
blur_000000154.png,blur,电团,电话,1,1,0.234141
blur_000000156.png,blur,中华食字租,中华老字号,1,2,0.155039
blur_000000157.png,blur,,全国,1,2,0.141096
blur_000000158.png,blur,本门名品做,布十大品牌,1,4,0.041657
blur_000000159.png,blur,香事江学意,通下水管道,1,5,0.112505
blur_000000160.png,blur,上哥门,上客门,1,1,0.163111
blur_000000161.png,blur,杭坊,杭州,1,1,0.073345
blur_000000162.png,blur,工用亭,鹿角亭,1,2,0.065312
blur_000000163.png,blur,吉迎邮间,营业时间,1,3,0.147700
blur_000000164.png,blur,生天,王先生,1,3,0.136791
blur_000000165.png,blur,道具,洁具,1,1,0.238226
blur_000000166.png,blur,小,中粮,1,2,0.150464
blur_000000167.png,blur,费,禁止驶入,1,4,0.046790
blur_000000168.png,blur,T,营业时间,1,4,0.105835
blur_000000169.png,blur,一话,一楼,1,1,0.090066
blur_000000170.png,blur,请拉打,请拨打,1,1,0.188319
blur_000000171.png,blur,你二场,请上二楼,1,3,0.170050
blur_000000172.png,blur,集行,绕行,1,1,0.310447
blur_000000173.png,blur,自大内心,发凯门业,1,4,0.099950
blur_000000174.png,blur,各式,各式饮,1,1,0.043169
blur_000000175.png,blur,2,平安,1,2,0.125864
blur_000000176.png,blur,出聘,诚聘,1,1,0.076915
blur_000000177.png,blur,,涉毒,1,2,0.042727
blur_000000178.png,blur,金,电器,1,2,0.105725
blur_000000179.png,blur,机,灯具,1,2,0.063049
blur_000000180.png,blur,营,苏源,1,2,0.049350
blur_000000181.png,blur,鑫,如意,1,2,0.144859
blur_000000182.png,blur,囍,喷淋,1,2,0.081468
blur_000000184.png,blur,文间,文具,1,1,0.171139
blur_000000185.png,blur,天王部,天王表,1,1,0.251032
blur_000000186.png,blur,过户年心,过户年检,1,1,0.081988
blur_000000188.png,blur,6,包教,1,2,0.162954
blur_000000189.png,blur,B2,运动王者,1,4,0.121703
blur_000000190.png,blur,A,漆门,1,2,0.061395
blur_000000191.png,blur,消车路,万丰路,1,2,0.141836
blur_000000192.png,blur,中,安全,1,2,0.122069
blur_000000193.png,blur,R,奖牌,1,2,0.042086
blur_000000194.png,blur,建林,建材,1,1,0.119692
blur_000000195.png,blur,g,青春寳,1,3,0.055928
blur_000000196.png,blur,办,九里,1,2,0.099435
blur_000000198.png,blur,售,祛斑,1,2,0.247504
blur_000000200.png,blur,牛支容,牛王庙,1,2,0.146249
blur_000000201.png,blur,海铁用车,温馨提示,1,4,0.072307
blur_000000202.png,blur,手,手机,1,1,0.501952
blur_000000203.png,blur,雅,哈尔,1,2,0.064703
blur_000000204.png,blur,租,地铁,1,2,0.106374
blur_000000205.png,blur,欢港车路,万港东路,1,2,0.288857
blur_000000206.png,blur,会商,会所,1,1,0.121081
blur_000000207.png,blur,一三楼,二楼,1,2,0.259179
blur_000000208.png,blur,天一社,又一村,1,2,0.115966
blur_000000209.png,blur,,中外小吃,1,4,0.093979
blur_000000210.png,blur,中,全季,1,2,0.057527
blur_000000211.png,blur,康,祥路,1,2,0.036697
blur_000000212.png,blur,拉街,拉面,1,1,0.105179
blur_000000213.png,blur,营国足包,谢谢配合,1,4,0.145567
blur_000000214.png,blur,地安门酒大售,地安门西大街,1,2,0.048770
blur_000000215.png,blur,中,草木人,1,3,0.093764
blur_000000219.png,blur,百业8路,百业易贷,1,2,0.146459
blur_000000220.png,blur,村行,格力,1,2,0.059006
blur_000000221.png,blur,自阜路热口,曲阜路路口,1,2,0.375515
blur_000000222.png,blur,s,团公司,1,3,0.048246
blur_000000223.png,blur,营业荆料,营业时间,1,2,0.165384
blur_000000224.png,blur,管动,管道,1,1,0.287750
blur_000000226.png,blur,萧公区,迎光临,1,3,0.076514
blur_000000227.png,blur,e8,日用,1,2,0.061200
blur_000000229.png,blur,福工,招工,1,1,0.164311
blur_000000230.png,blur,R,只为,1,2,0.244589
blur_000000232.png,blur,节,价目表,1,3,0.049896
blur_000000234.png,blur,专江电小吧,东胜商业广,1,5,0.049064
blur_000000235.png,blur,热机路,丹枫路,1,2,0.067657
blur_000000236.png,blur,汽乐,温乐,1,1,0.076106
blur_000000238.png,blur,发调牌业工地营业,空调开放正在营业,1,5,0.073490
blur_000000239.png,blur,一午一集集电动车,一车一行请勿泊车,1,5,0.057595
blur_000000240.png,blur,,动展示商城风采,1,7,0.294736
blur_000000242.png,blur,请345入线,请您停车入位,1,4,0.044057
blur_000000243.png,blur,天信大,天恒大厦,1,2,0.108012
blur_000000244.png,blur,华南,华泰,1,1,0.154401
blur_000000245.png,blur,,白铁加工,1,4,0.043741
blur_000000246.png,blur,亿军大,亿年火,1,2,0.350212
blur_000000248.png,blur,北国大白,上海大众,1,3,0.233892
blur_000000249.png,blur,铁风人,读风人,1,1,0.289269
blur_000000250.png,blur,,五金电子,1,4,0.072417
blur_000000251.png,blur,柔妆,柔状,1,1,0.969896
blur_000000252.png,blur,口斯,日历,1,2,0.170785
blur_000000253.png,blur,开美,开关,1,1,0.615559
blur_000000254.png,blur,和,有福道,1,3,0.164002
blur_000000258.png,blur,育乐,音乐,1,1,0.268263
blur_000000261.png,blur,干奥话,干爽透,1,2,0.136221
blur_000000262.png,blur,日海迎5购,日本进口布膜,1,5,0.079664
blur_000000263.png,blur,1年免费换新,一年免费换新,1,1,0.076998
blur_000000264.png,blur,冰装,水袋,1,2,0.265908
blur_000000265.png,blur,国丘量警室,现在奋斗的你,1,6,0.080390
blur_000000266.png,blur,饮,极软,1,2,0.035654
blur_000000269.png,blur,铂腿,铂熙,1,1,0.322480
blur_000000270.png,blur,xAG,金龙,1,3,0.162413
blur_000000273.png,blur,牛奶系,牛奶品,1,1,0.148038
blur_000000275.png,blur,牌国许可,进网许可,1,2,0.054324
blur_000000276.png,blur,雅清,股情,1,2,0.149620
blur_000000277.png,blur,SE:,猎豹,1,3,0.103135
blur_000000278.png,blur,红禁木斯,低聚木糖,1,3,0.110893
blur_000000280.png,blur,中国,中控,1,1,0.079090
blur_000000281.png,blur,网格金房,网络会所,1,3,0.133265
blur_000000283.png,blur,9,周二,1,2,0.231218
blur_000000286.png,blur,电饭,自调保,1,3,0.264396
blur_000000288.png,blur,无石精,无酒精,1,1,0.154008
blur_000000289.png,blur,EE,的信念,1,3,0.097640
blur_000000290.png,blur,7,厦门,1,2,0.536555
blur_000000292.png,blur,甲车植物城牛,草本植物精华,1,4,0.165123
blur_000000293.png,blur,,计数,1,2,0.244016
blur_000000294.png,blur,康国,紫图,1,2,0.186206
blur_000000296.png,blur,无色车,无色素,1,1,0.239336
blur_000000298.png,blur,十白,十三,1,1,0.603766
blur_000000301.png,blur,中g址,存地址,1,2,0.227533
blur_000000303.png,blur,定商,定闹,1,1,0.645264
blur_000000304.png,blur,精来,精煮,1,1,0.218937
blur_000000306.png,blur,福,扫一扫,1,3,0.071838
blur_000000307.png,blur,品,牙膏,1,2,0.576198
blur_000000311.png,blur,全国白快出版社,全国百佳出版社,1,2,0.149852
blur_000000312.png,blur,马请酒,易清洗,1,3,0.105291
blur_000000315.png,blur,刘路,刘峰,1,1,0.456699
blur_000000316.png,blur,X迎,名牌,1,2,0.092065
blur_000000317.png,blur,中小书与,中华书局,1,2,0.084350
blur_000000318.png,blur,心开X,感应开关,1,3,0.168601
blur_000000322.png,blur,回健专家,保健专家,1,1,0.051701
blur_000000324.png,blur,清服,诺斯,1,2,0.073394
blur_000000325.png,blur,5e,好奇,1,2,0.146196
blur_000000326.png,blur,鸡,消防,1,2,0.197862
blur_000000327.png,blur,,无毒,1,2,0.307439
blur_000000328.png,blur,手明,手肌,1,1,0.264103
blur_000000329.png,blur,净吉做,净含量,1,2,0.040606
blur_000000330.png,blur,鑫,燕雀,1,2,0.175676
blur_000000331.png,blur,1110231-111-1431,勇敢追求我的理想,1,16,0.143847
blur_000000333.png,blur,营地,信息,1,2,0.189037
blur_000000334.png,blur,中学,江中猴姑,1,3,0.060550
blur_000000335.png,blur,现务,职务,1,1,0.231088
blur_000000336.png,blur,5,美肌,1,2,0.124405
blur_000000337.png,blur,福,时珍验方,1,4,0.071285
blur_000000338.png,blur,不港混,不渗漏,1,2,0.109398
blur_000000339.png,blur,免入烟级租,婴儿纸尿裤,1,5,0.111269
blur_000000340.png,blur,医库,图库,1,1,0.235104
blur_000000341.png,blur,屏型,屏显,1,1,0.402535
blur_000000342.png,blur,迎山,迎旭,1,1,0.224591
blur_000000344.png,blur,新,貂绒,1,2,0.068394
blur_000000345.png,blur,站,预约,1,2,0.286694
blur_000000347.png,blur,食,点缤,1,2,0.072257
blur_000000349.png,blur,,优惠券,1,3,0.448030
blur_000000350.png,blur,视装,视频,1,1,0.265952
blur_000000351.png,blur,6e,视频,1,2,0.145929
blur_000000352.png,blur,华收,水位,1,2,0.149687
blur_000000353.png,blur,推养店壁发,推荐选择奖,1,4,0.110382
blur_000000356.png,blur,盘,用品,1,2,0.210808
blur_000000357.png,blur,A+,九芝堂,1,3,0.132431
blur_000000359.png,blur,精南彩行,小米幼儿园,1,5,0.048821
blur_000000360.png,blur,1,人民,1,2,0.156752
blur_000000361.png,blur,银号生,拨号盘,1,2,0.166435
blur_000000362.png,blur,啤X,职务,1,2,0.050503
blur_000000363.png,blur,菜鱼,菜单,1,1,0.480636
blur_000000364.png,blur,$,低音,1,2,0.126887
blur_000000365.png,blur,意,乳清蛋白调理乳,1,7,0.060911
blur_000000366.png,blur,8,海丰特产,1,4,0.049944
blur_000000367.png,blur,2,专营,1,2,0.066097
blur_000000373.png,blur,上海店,上海制皂,1,2,0.106987
blur_000000374.png,blur,S,第二代,1,3,0.271363
blur_000000375.png,blur,福,韩后,1,2,0.104247
blur_000000377.png,blur,闵特,风神,1,2,0.253648
blur_000000380.png,blur,章,兴华,1,2,0.202276
blur_000000381.png,blur,,倾心,1,2,0.280160
blur_000000382.png,blur,酒江临,酒红色,1,2,0.216629
blur_000000383.png,blur,老业,去皮,1,2,0.137073
blur_000000384.png,blur,欢进,音量,1,2,0.098711
blur_000000385.png,blur,天炸美白,天然美白,1,1,0.211434
blur_000000388.png,blur,招动二,星期二,1,2,0.190997
blur_000000389.png,blur,43,于华,1,2,0.142176
blur_000000391.png,blur,昱雨,墨菊,1,2,0.196800
blur_000000394.png,blur,通讯珠,通讯录,1,1,0.140256
blur_000000395.png,blur,精和车,扫密码,1,3,0.058064
blur_000000397.png,blur,国,美的,1,2,0.127654
blur_000000398.png,blur,正,正品保障,1,3,0.266374
blur_000000399.png,blur,自然洪,自然素材,1,2,0.150337
blur_000000400.png,blur,欢银具,出版社,1,3,0.048651
blur_000000401.png,blur,源肤路,润肤霜,1,2,0.096655
blur_000000402.png,blur,福,用品专营,1,4,0.068709
blur_000000403.png,blur,杭风心,环保绿色,1,4,0.043655
blur_000000404.png,blur,保汽,保温,1,1,0.296265
blur_000000405.png,blur,祥你入,伴你入眠,1,2,0.120998
blur_000000407.png,blur,上一代入国,上一代人的,1,2,0.116442
blur_000000410.png,blur,安卓手护,安卓手机,1,1,0.225581
blur_000000411.png,blur,开单,孙晚泉,1,3,0.101328
blur_000000412.png,blur,对口,封口,1,1,0.689353
blur_000000413.png,blur,雅,清雅,1,1,0.056645
blur_000000414.png,blur,营丝中心,游戏中心,1,2,0.286324
blur_000000415.png,blur,扫话,白色,1,2,0.150287
blur_000000416.png,blur,明,下册,1,2,0.172041
blur_000000417.png,blur,一月二白,一月二十日,1,2,0.108055
blur_000000418.png,blur,配信,配合,1,1,0.064112
blur_000000419.png,blur,1B机,相机,1,2,0.315060
blur_000000420.png,blur,棋,横版,1,2,0.087314
blur_000000422.png,blur,中足,的清晨,1,3,0.070333
blur_000000424.png,blur,光衣漫,洗衣液,1,2,0.113203
blur_000000425.png,blur,南调心,用的开心,1,3,0.186098
blur_000000426.png,blur,德乐,音乐,1,1,0.130380
blur_000000427.png,blur,31,净含量,1,3,0.464235
blur_000000428.png,blur,S,经典,1,2,0.111645
blur_000000429.png,blur,特车,疼痛,1,2,0.053695
blur_000000430.png,blur,过收,过敏,1,1,0.217703
blur_000000431.png,blur,帝南,指南,1,1,0.415917
blur_000000432.png,blur,请识国旗,认识国旗,1,1,0.226929
blur_000000433.png,blur,快速收临,快速设置,1,2,0.295875
blur_000000434.png,blur,S,美肌,1,2,0.087451
blur_000000436.png,blur,请话,蓓秀,1,2,0.161180
blur_000000440.png,blur,洋网机院,等肠胃疾病,1,5,0.038052
blur_000000441.png,blur,注意商温,注意高温,1,1,0.118718
blur_000000442.png,blur,水福环,水循环,1,1,0.714296
blur_000000443.png,blur,a,金装,1,2,0.191077
blur_000000444.png,blur,枚人,枚入,1,1,0.325783
blur_000000445.png,blur,y,周六,1,2,0.134107
blur_000000446.png,blur,请售,语言,1,2,0.072150
blur_000000447.png,blur,全舍成润滑油,全合成润滑油,1,1,0.394926
blur_000000449.png,blur,金鸭,金锣,1,1,0.076632
blur_000000450.png,blur,a5,日历,1,2,0.267315
blur_000000451.png,blur,天然酿道,天然酿造,1,1,0.391547
blur_000000456.png,blur,白百合金,百合金,1,1,0.371405
blur_000000457.png,blur,设蓝,设置,1,1,0.248468
blur_000000458.png,blur,衣营家,衣管家,1,1,0.659979
blur_000000459.png,blur,主级南店,主题商店,1,2,0.028528
blur_000000461.png,blur,银干,蠔干,1,1,0.043399
blur_000000462.png,blur,,台灣大学校长,1,6,0.085267
blur_000000463.png,blur,营,不要掌,1,3,0.086067
blur_000000465.png,blur,以务招营工路,从茶园到茶杯,1,6,0.073083
blur_000000466.png,blur,主,主编,1,1,0.770822
blur_000000468.png,blur,何大人,包大人,1,1,0.643487
blur_000000470.png,blur,具,海丰特产,1,4,0.061667
blur_000000472.png,blur,本区,杰艺,1,2,0.099119
blur_000000473.png,blur,时8s,浏览器,1,3,0.155780
blur_000000475.png,blur,电话,电器,1,1,0.261441
blur_000000477.png,blur,上滑解锁,上划解锁,1,1,0.194504
blur_000000479.png,blur,绵著,编著,1,1,0.232257
blur_000000480.png,blur,快场信动,你的信赖,1,3,0.159489
blur_000000481.png,blur,设酒,设置,1,1,0.085867
blur_000000483.png,blur,主轻,主题,1,1,0.199444
blur_000000485.png,blur,E,修补笔,1,3,0.124156
blur_000000486.png,blur,净仓带,净含量,1,2,0.379799
blur_000000487.png,blur,土国,主编,1,2,0.037306
blur_000000488.png,blur,江院,定制,1,2,0.107614
blur_000000490.png,blur,车轻营街,年轻父母,1,3,0.263072
blur_000000492.png,blur,Wn,设置,1,2,0.098957
blur_000000493.png,blur,拒晚随波瓷流,拒绝随波逐流,1,2,0.091390
blur_000000494.png,blur,专专人1购中招,专业人士的选择,1,5,0.127181
blur_000000495.png,blur,联动材调卖安业,精选材质更安全,1,5,0.148900
blur_000000496.png,blur,从萧网村邦,从茶园到茶杯,1,5,0.087216
blur_000000497.png,blur,EN,主题,1,2,0.219442
blur_000000498.png,blur,钟大龙,钟大夫,1,1,0.334959
blur_000000499.png,blur,F年,下午,1,2,0.199388
oblique_or_curved_000000001.png,oblique_or_curved,福田脑：,福田震萨,1,2,0.048544
oblique_or_curved_000000002.png,oblique_or_curved,燕老味发,秦晋味道,1,3,0.178237
oblique_or_curved_000000003.png,oblique_or_curved,多,voitures,1,8,0.065061
oblique_or_curved_000000004.png,oblique_or_curved,小城,太重宾馆,1,4,0.057654
oblique_or_curved_000000005.png,oblique_or_curved,新%g,新安社区人民调解委员会,1,10,0.045594
oblique_or_curved_000000006.png,oblique_or_curved,8,不随地吐痰,1,5,0.078765
oblique_or_curved_000000007.png,oblique_or_curved,国城店,第1世界大店,1,5,0.049279
oblique_or_curved_000000008.png,oblique_or_curved,部,包装,1,2,0.076525
oblique_or_curved_000000009.png,oblique_or_curved,60,god,1,3,0.123359
oblique_or_curved_000000010.png,oblique_or_curved,化筑桥业,绿色建筑研究,1,5,0.030446
oblique_or_curved_000000011.png,oblique_or_curved,,湖南胖哥视频有限,1,8,0.224070
oblique_or_curved_000000012.png,oblique_or_curved,大实设市有会,青浦区香花桥街道青山社区,1,12,0.041455
oblique_or_curved_000000013.png,oblique_or_curved,屋,ialiy,1,5,0.059451
oblique_or_curved_000000014.png,oblique_or_curved,101010,1012010-01,1,4,0.434079
oblique_or_curved_000000015.png,oblique_or_curved,,雲南,1,2,0.188329
oblique_or_curved_000000016.png,oblique_or_curved,家盛进,质量保证,1,4,0.057235
oblique_or_curved_000000017.png,oblique_or_curved,O,工业品,1,3,0.089378
oblique_or_curved_000000018.png,oblique_or_curved,S,公司,1,2,0.069769
oblique_or_curved_000000019.png,oblique_or_curved,,l.n.,1,4,0.096214
oblique_or_curved_000000020.png,oblique_or_curved,a山,ldeol,1,5,0.041891
oblique_or_curved_000000021.png,oblique_or_curved,8,cao·,1,4,0.089544
oblique_or_curved_000000022.png,oblique_or_curved,,深圳市,1,3,0.121277
oblique_or_curved_000000023.png,oblique_or_curved,福,量低,1,2,0.082007
oblique_or_curved_000000024.png,oblique_or_curved,人商品,请确认商品,1,3,0.164126
oblique_or_curved_000000025.png,oblique_or_curved,SNNO,guarantee,1,9,0.092463
oblique_or_curved_000000026.png,oblique_or_curved,DSp,dsklr,1,5,0.251269
oblique_or_curved_000000027.png,oblique_or_curved,oRn司,expressu,1,8,0.047436
oblique_or_curved_000000028.png,oblique_or_curved,"1SML,",dsklr,1,5,0.220002
oblique_or_curved_000000029.png,oblique_or_curved,福,ches,1,4,0.170232
oblique_or_curved_000000030.png,oblique_or_curved,,litv,1,4,0.228468
oblique_or_curved_000000031.png,oblique_or_curved,,普瑞达,1,3,0.205346
oblique_or_curved_000000032.png,oblique_or_curved,茶,配件,1,2,0.104077
oblique_or_curved_000000033.png,oblique_or_curved,,荣誉出品,1,4,0.032316
oblique_or_curved_000000034.png,oblique_or_curved,ee,fisheye,1,5,0.101880
oblique_or_curved_000000035.png,oblique_or_curved,育,state,1,5,0.131671
oblique_or_curved_000000036.png,oblique_or_curved,菜,深圳,1,2,0.072266
oblique_or_curved_000000037.png,oblique_or_curved,,wetherm,1,7,0.475200
oblique_or_curved_000000038.png,oblique_or_curved,金,旅行装,1,3,0.088834
oblique_or_curved_000000040.png,oblique_or_curved,X,丰顺,1,2,0.084946
oblique_or_curved_000000041.png,oblique_or_curved,CO,acu,1,3,0.100916
oblique_or_curved_000000042.png,oblique_or_curved,,black,1,5,0.083617
oblique_or_curved_000000043.png,oblique_or_curved,fuo,yunon,1,3,0.122047
oblique_or_curved_000000044.png,oblique_or_curved,A8,pickup,1,6,0.144863
oblique_or_curved_000000045.png,oblique_or_curved,,通过iso9001,1,9,0.282606
oblique_or_curved_000000046.png,oblique_or_curved,台,ams,1,3,0.072945
oblique_or_curved_000000047.png,oblique_or_curved,nN,hion,1,4,0.400210
oblique_or_curved_000000048.png,oblique_or_curved,6,ce,1,2,0.239270
oblique_or_curved_000000049.png,oblique_or_curved,酒,concentrated,1,12,0.029423
oblique_or_curved_000000051.png,oblique_or_curved,福,小不点,1,3,0.096689
oblique_or_curved_000000052.png,oblique_or_curved,刮多,刮贴,1,1,0.089972
oblique_or_curved_000000053.png,oblique_or_curved,,6中b族维生素,1,7,0.140689
oblique_or_curved_000000054.png,oblique_or_curved,414F,414f,1,1,0.946865
oblique_or_curved_000000055.png,oblique_or_curved,,seal,1,4,0.267779
oblique_or_curved_000000056.png,oblique_or_curved,新工性多,坚利工具,1,4,0.199023
oblique_or_curved_000000057.png,oblique_or_curved,北西金安服路产所州品箱司,河北朵唯斯羊绒制品有限公司,1,11,0.080967
oblique_or_curved_000000058.png,oblique_or_curved,家,epson,1,5,0.040645
oblique_or_curved_000000059.png,oblique_or_curved,,hydno-soothing,1,14,0.198233
oblique_or_curved_000000060.png,oblique_or_curved,CW,lachi,1,5,0.220861
oblique_or_curved_000000061.png,oblique_or_curved,热盟A区8Ta1rmgsn,dha&epaomeqa-3fattyacids,1,23,0.034360
oblique_or_curved_000000062.png,oblique_or_curved,环修,德明,1,2,0.034180
oblique_or_curved_000000063.png,oblique_or_curved,f,100%,1,4,0.104616
oblique_or_curved_000000064.png,oblique_or_curved,MO,nagn,1,4,0.399436
oblique_or_curved_000000065.png,oblique_or_curved,自,iniet,1,5,0.129080
oblique_or_curved_000000066.png,oblique_or_curved,电子家,军锐电子商城,1,4,0.111100
oblique_or_curved_000000067.png,oblique_or_curved,福,jaoan,1,5,0.060881
oblique_or_curved_000000068.png,oblique_or_curved,O,po,1,2,0.334408
oblique_or_curved_000000069.png,oblique_or_curved,,gigwi,1,5,0.543044
oblique_or_curved_000000070.png,oblique_or_curved,海,全国,1,2,0.106407
oblique_or_curved_000000071.png,oblique_or_curved,Q0,qo,1,2,0.231791
oblique_or_curved_000000072.png,oblique_or_curved,店,有限公司,1,4,0.060562
oblique_or_curved_000000073.png,oblique_or_curved,,soap,1,4,0.089485
oblique_or_curved_000000075.png,oblique_or_curved,,全程定位,1,4,0.368765
oblique_or_curved_000000076.png,oblique_or_curved,S,rosa,1,4,0.055130
oblique_or_curved_000000077.png,oblique_or_curved,,sealed-for,1,10,0.020370
oblique_or_curved_000000078.png,oblique_or_curved,09,ned,1,3,0.315216
oblique_or_curved_000000079.png,oblique_or_curved,ARB,arb,1,3,0.603229
oblique_or_curved_000000080.png,oblique_or_curved,g,源电,1,2,0.088487
oblique_or_curved_000000081.png,oblique_or_curved,福,国际质量认证,1,6,0.057408
oblique_or_curved_000000082.png,oblique_or_curved,南,heilongjianglvseyoujishipin,1,27,0.034218
oblique_or_curved_000000083.png,oblique_or_curved,幼,电话,1,2,0.200332
oblique_or_curved_000000084.png,oblique_or_curved,福,brand,1,5,0.205570
oblique_or_curved_000000085.png,oblique_or_curved,上源,达源,1,1,0.234924
oblique_or_curved_000000086.png,oblique_or_curved,MING,ming,1,4,0.371954
oblique_or_curved_000000087.png,oblique_or_curved,,h-w,1,3,0.396052
oblique_or_curved_000000088.png,oblique_or_curved,欢国电场,保持车距,1,4,0.062055
oblique_or_curved_000000089.png,oblique_or_curved,福,店长推荐,1,4,0.056910
oblique_or_curved_000000090.png,oblique_or_curved,怪默,怪獸,1,1,0.573659
oblique_or_curved_000000091.png,oblique_or_curved,,scotch,1,6,0.037537
oblique_or_curved_000000092.png,oblique_or_curved,S,guar,1,4,0.064649
oblique_or_curved_000000093.png,oblique_or_curved,y,coffee,1,6,0.104703
oblique_or_curved_000000094.png,oblique_or_curved,,有限,1,2,0.161440
oblique_or_curved_000000095.png,oblique_or_curved,长大银生,进口nsk外,1,6,0.046877
oblique_or_curved_000000096.png,oblique_or_curved,S,the,1,3,0.135081
oblique_or_curved_000000097.png,oblique_or_curved,,快捷方便,1,4,0.191379
oblique_or_curved_000000098.png,oblique_or_curved,多,solder,1,6,0.130739
oblique_or_curved_000000099.png,oblique_or_curved,四购店,网购超,1,2,0.087960
oblique_or_curved_000000100.png,oblique_or_curved,加,多泡一会儿,1,5,0.101591
occlusion_000000001.png,occlusion,福田脑：,福田震萨,1,2,0.048544
occlusion_000000003.png,occlusion,面标,商标,1,1,0.192293
occlusion_000000004.png,occlusion,I,专业空调维护,1,6,0.026568
occlusion_000000005.png,occlusion,银家,链家,1,1,0.110275
occlusion_000000006.png,occlusion,_,洗车,1,2,0.149704
occlusion_000000007.png,occlusion,XAY,xay,1,3,0.821744
occlusion_000000008.png,occlusion,金歌量贩厂,金歌量贩ktv,1,3,0.181979
occlusion_000000009.png,occlusion,内设包厢订电店,内设包厢订餐送餐电话,1,4,0.069550
occlusion_000000010.png,occlusion,香烧味,香烧店,1,1,0.056926
occlusion_000000011.png,occlusion,致美面餐,致美面包,1,1,0.082236
occlusion_000000013.png,occlusion,金,台,1,1,0.104473
occlusion_000000014.png,occlusion,卖您放心买”市场,卖，您放心买”市场,1,1,0.581870
occlusion_000000015.png,occlusion,意,创五洋品,1,4,0.041733
occlusion_000000016.png,occlusion,惠紫理,实惠舒适卫生,1,5,0.060647
occlusion_000000017.png,occlusion,华江发心,正元文印中心,1,5,0.059324
occlusion_000000018.png,occlusion,彩菜画小,彩页画册,1,2,0.124817
occlusion_000000019.png,occlusion,华学嘉业,华宇嘉业,1,1,0.397444
occlusion_000000020.png,occlusion,美海用卫有城公用区车区公产品部,秋梅贸易有限公司优农汇农产品连锁,1,12,0.051101
occlusion_000000022.png,occlusion,80-96·国际品牌精装,8096m2国际品牌精装,1,3,0.327358
occlusion_000000023.png,occlusion,TRATL,train,1,5,0.127563
occlusion_000000025.png,occlusion,M元天话,mboss,1,5,0.074182
occlusion_000000026.png,occlusion,微程无限房产,毅程无限房产,1,1,0.061255
occlusion_000000027.png,occlusion,精中高档轿车,精修中高档轿车,1,1,0.514677
occlusion_000000028.png,occlusion,鑫座套换型,鑫座套换洗,1,1,0.078220
occlusion_000000029.png,occlusion,热心,建材,1,2,0.102466
occlusion_000000030.png,occlusion,维林西净星河研石酒场,桂林市净瓶山桥奇石市场,1,7,0.066580
occlusion_000000032.png,occlusion,BA大行,baish,1,5,0.057795
occlusion_000000034.png,occlusion,京瑜中西修,北京裕和中西医,1,4,0.170563
occlusion_000000035.png,occlusion,MASSAGE,massage,1,7,0.930788
occlusion_000000036.png,occlusion,住后由话：020-8562631085626408,售后电话：020-8562631085626408,1,2,0.323290
occlusion_000000037.png,occlusion,让天空蔚砖,让天空蔚蓝,1,1,0.163186
occlusion_000000038.png,occlusion,龙甲防热,龙甲防盗门,1,2,0.130374
occlusion_000000040.png,occlusion,小心,欢迎您,1,3,0.142022
occlusion_000000041.png,occlusion,中州医院,西医院,1,2,0.080590
occlusion_000000042.png,occlusion,彩玉会,翠玉合,1,2,0.315613
occlusion_000000043.png,occlusion,西华教面,西部华拉面,1,2,0.150455
occlusion_000000044.png,occlusion,,签,1,1,0.125886
occlusion_000000045.png,occlusion,长学新城·商业中心,长新城•商业中心,1,2,0.464861
occlusion_000000046.png,occlusion,,春風得意,1,4,0.067278
occlusion_000000047.png,occlusion,安服热线：06877,客服热线：96877,1,2,0.516396
occlusion_000000048.png,occlusion,大文国育经询,联文教育信息咨询,1,5,0.084048
occlusion_000000049.png,occlusion,第,电话,1,2,0.042731
occlusion_000000050.png,occlusion,四川标准建筑科技贴善中心,四川标准建筑科技购书中心,1,2,0.082760
occlusion_000000051.png,occlusion,A气睡民,氧气睡眠,1,2,0.454877
occlusion_000000052.png,occlusion,%,码专营,1,3,0.151769
occlusion_000000053.png,occlusion,Aore No:,storeno：,1,5,0.150765
occlusion_000000054.png,occlusion,英超服教,英超奶粉,1,2,0.128097
occlusion_000000055.png,occlusion,安吉外万建影,安吉尔净水基地,1,5,0.066585
occlusion_000000056.png,occlusion,HOSTERN,wfstern,1,7,0.443548
occlusion_000000057.png,occlusion,nndsom,handsome,1,3,0.220964
occlusion_000000058.png,occlusion,小乐经洋服盛,小妖日系洋服殿,1,4,0.204839
occlusion_000000059.png,occlusion,,萌豆豆品牌专柜/guoyugongsi,1,19,0.475677
occlusion_000000061.png,occlusion,2013.NoV,2013.nov,1,2,0.229449
occlusion_000000062.png,occlusion,情年教业,温情与敬意,1,4,0.068399
occlusion_000000063.png,occlusion,,https:,1,6,0.082676
occlusion_000000064.png,occlusion,房,易,1,1,0.910746
occlusion_000000065.png,occlusion,的,英雄lol强,1,6,0.064785
occlusion_000000066.png,occlusion,乐号,赛尔号,1,2,0.452809
occlusion_000000068.png,occlusion,Ce,淘宝id:中南一夜,1,9,0.171447
occlusion_000000069.png,occlusion,COrn,com,1,4,0.318966
occlusion_000000070.png,occlusion,原价:330,原价：330,1,1,0.779192
occlusion_000000071.png,occlusion,高心系,通讯ic系列,1,5,0.192507
occlusion_000000072.png,occlusion,实路,实物拍摄,1,3,0.128676
occlusion_000000073.png,occlusion,IPnoneo,iphone6,1,4,0.361842
occlusion_000000074.png,occlusion,顺宾,找书：,1,3,0.164676
occlusion_000000075.png,occlusion,菜物拍摄密图究,实物拍摄盗图必究,1,3,0.157923
occlusion_000000076.png,occlusion,S力伟中,永久使用,1,4,0.172902
occlusion_000000077.png,occlusion,康国,紫图,1,2,0.186206
occlusion_000000079.png,occlusion,KiEtg,kitty,1,3,0.126426
occlusion_000000080.png,occlusion,eo`,co&co,1,4,0.210734
occlusion_000000081.png,occlusion,花具A,花期,1,2,0.298708
occlusion_000000083.png,occlusion,饭,y,1,1,0.102363
occlusion_000000084.png,occlusion,,辉,1,1,0.177062
occlusion_000000085.png,occlusion,第海光港具,宏阳抛光清洗,1,5,0.028263
occlusion_000000086.png,occlusion,苏大啡,frank3109,1,9,0.075904
occlusion_000000087.png,occlusion,P,f,1,1,0.080958
occlusion_000000088.png,occlusion,,tl084cn,1,7,0.051450
occlusion_000000089.png,occlusion,福,（组编分册）,1,6,0.078865
occlusion_000000090.png,occlusion,K,thank,1,5,0.119902
occlusion_000000091.png,occlusion,taonawsud8.en,taobao88888.cn,1,7,0.169734
occlusion_000000092.png,occlusion,Kano,kans,1,2,0.334045
occlusion_000000093.png,occlusion,1181,118u,1,1,0.491627
occlusion_000000094.png,occlusion,C15,tit,1,3,0.307741
occlusion_000000095.png,occlusion,福,方,1,1,0.178358
occlusion_000000096.png,occlusion,WiVa,viva,1,2,0.265888
occlusion_000000098.png,occlusion,Beantvprofessional,beautyprofessiona,1,4,0.328610
occlusion_000000099.png,occlusion,281804,ganxiaozi,1,9,0.253419
occlusion_000000100.png,occlusion,No.1,no.1,1,1,0.561359
occlusion_000000101.png,occlusion,KUDOM,kudom,1,5,0.310190
vertical_text_000000001.png,vertical_text,育,上海食文化研究会,1,8,0.090403
vertical_text_000000002.png,vertical_text,,货真价实,1,4,0.291109
vertical_text_000000003.png,vertical_text,,农夫烤鱼,1,4,0.242061
vertical_text_000000004.png,vertical_text,B,武汉市民,1,4,0.100522
vertical_text_000000005.png,vertical_text,I,专业空调维护,1,6,0.026568
vertical_text_000000006.png,vertical_text,,十八酒坊,1,4,0.044004
vertical_text_000000007.png,vertical_text,福,滁河大桥,1,4,0.040408
vertical_text_000000008.png,vertical_text,冒,上海市宝山区烟草糖酒专卖,1,12,0.156399
vertical_text_000000009.png,vertical_text,育,全国连锁,1,4,0.069198
vertical_text_000000010.png,vertical_text,育,珠海市公务车,1,6,0.126715
vertical_text_000000011.png,vertical_text,育,太阳能光伏产品的设计与安,1,12,0.077191
vertical_text_000000012.png,vertical_text,食,四轮定位,1,4,0.052862
vertical_text_000000013.png,vertical_text,,烤生蚝,1,3,0.062334
vertical_text_000000014.png,vertical_text,管,海之声,1,3,0.029556
vertical_text_000000015.png,vertical_text,宗,北京,1,2,0.060670
vertical_text_000000016.png,vertical_text,售,热情服务,1,4,0.052224
vertical_text_000000017.png,vertical_text,童,红宝石家居博览城,1,8,0.173320
vertical_text_000000018.png,vertical_text,美,诚信为,1,3,0.075834
vertical_text_000000019.png,vertical_text,福,真欧布,1,3,0.065643
vertical_text_000000020.png,vertical_text,,响新村村务监督委员会,1,10,0.055753
vertical_text_000000021.png,vertical_text,室,白云边,1,3,0.161680
vertical_text_000000022.png,vertical_text,,亲亲鱼,1,3,0.046183
vertical_text_000000023.png,vertical_text,自,交通银行,1,4,0.134290
vertical_text_000000024.png,vertical_text,出,山村,1,2,0.460817
vertical_text_000000025.png,vertical_text,福,北京市西城区,1,6,0.052316
vertical_text_000000026.png,vertical_text,意,创五洋品,1,4,0.041733
vertical_text_000000027.png,vertical_text,,长银大厦,1,4,0.092610
vertical_text_000000028.png,vertical_text,福,换领口袖口,1,5,0.103087
vertical_text_000000029.png,vertical_text,福,教职工活动中心,1,7,0.269374
vertical_text_000000030.png,vertical_text,福,铁龙专修,1,4,0.078927
vertical_text_000000031.png,vertical_text,福,施工联系,1,4,0.033230
vertical_text_000000032.png,vertical_text,管,得心應手事業成,1,7,0.157509
vertical_text_000000033.png,vertical_text,新,设计,1,2,0.050271
vertical_text_000000034.png,vertical_text,瓷,家政,1,2,0.103458
vertical_text_000000035.png,vertical_text,福,饮料,1,2,0.034375
vertical_text_000000036.png,vertical_text,售,外经贸大厦,1,5,0.166627
vertical_text_000000037.png,vertical_text,茶,出入平安,1,4,0.244691
vertical_text_000000038.png,vertical_text,福,三角带,1,3,0.043603
vertical_text_000000039.png,vertical_text,售,讲文明树新风,1,6,0.030538
vertical_text_000000040.png,vertical_text,具,好佳奇手机广场,1,7,0.073028
vertical_text_000000041.png,vertical_text,,廣海大厦,1,4,0.034197
vertical_text_000000042.png,vertical_text,富,第二军医大学临床教学医院,1,12,0.033521
vertical_text_000000043.png,vertical_text,营,中铁二局,1,4,0.124665
vertical_text_000000044.png,vertical_text,,会展中心,1,4,0.072144
vertical_text_000000045.png,vertical_text,养,沙县小,1,3,0.133058
vertical_text_000000046.png,vertical_text,量,番薯粥饭,1,4,0.065882
vertical_text_000000047.png,vertical_text,,羽绒概况,1,4,0.093683
vertical_text_000000048.png,vertical_text,,请照顾好老人和小孩,1,9,0.034118
vertical_text_000000049.png,vertical_text,鑫,平安接来全,1,5,0.129857
vertical_text_000000050.png,vertical_text,福,板金喷漆,1,4,0.079204
vertical_text_000000051.png,vertical_text,中,先进集体,1,4,0.049993
vertical_text_000000052.png,vertical_text,售,氨基酸洗发水系列,1,8,0.137926
vertical_text_000000053.png,vertical_text,福,一瓶送刮痧板,1,6,0.056711
vertical_text_000000054.png,vertical_text,和,有福道,1,3,0.164002
vertical_text_000000055.png,vertical_text,鑫,茗茶商行,1,4,0.088636
vertical_text_000000056.png,vertical_text,,正品批发,1,4,0.064134
vertical_text_000000057.png,vertical_text,福,加厚哦,1,3,0.048988
vertical_text_000000058.png,vertical_text,营,食搭配宜忌一本全,1,8,0.075110
vertical_text_000000059.png,vertical_text,粉,钠粉,1,1,0.112225
vertical_text_000000060.png,vertical_text,早,日子,1,2,0.305266
vertical_text_000000061.png,vertical_text,,磨剑少爷,1,4,0.042557
vertical_text_000000062.png,vertical_text,8,白粘土,1,3,0.147694
vertical_text_000000063.png,vertical_text,,实物拍摄,1,4,0.064645
vertical_text_000000064.png,vertical_text,会,地方特产,1,4,0.060056
vertical_text_000000065.png,vertical_text,量,中国少年儿童选型艺术学会,1,12,0.044458
vertical_text_000000066.png,vertical_text,售,美白牙齿,1,4,0.101233
vertical_text_000000067.png,vertical_text,,非贴纸,1,3,0.040178
vertical_text_000000068.png,vertical_text,堂,性情童话系列,1,6,0.035544
vertical_text_000000069.png,vertical_text,家,盛業機械,1,4,0.098912
vertical_text_000000070.png,vertical_text,鑫,抢购价,1,3,0.031509
vertical_text_000000071.png,vertical_text,福,当当车贴,1,4,0.040854
vertical_text_000000072.png,vertical_text,,支持退换,1,4,0.071032
vertical_text_000000073.png,vertical_text,,防腐防雨,1,4,0.038047
vertical_text_000000074.png,vertical_text,意,珍品,1,2,0.181383
vertical_text_000000075.png,vertical_text,鑫,女金胶囊,1,4,0.099012
vertical_text_000000076.png,vertical_text,鑫,早该这样打拼,1,6,0.198101
vertical_text_000000077.png,vertical_text,意,珍珠小马海,1,5,0.073682
vertical_text_000000078.png,vertical_text,,牛奶,1,2,0.077500
vertical_text_000000079.png,vertical_text,菜,薄荷味饮料浓浆,1,7,0.060783
vertical_text_000000080.png,vertical_text,营,我全赔,1,3,0.027160
vertical_text_000000081.png,vertical_text,,深圳市,1,3,0.121277
vertical_text_000000082.png,vertical_text,馆,祝您一路平安,1,6,0.074746
vertical_text_000000083.png,vertical_text,,中国熨法,1,4,0.083944
vertical_text_000000084.png,vertical_text,富,小吃特产,1,4,0.051777
vertical_text_000000085.png,vertical_text,量,图画书,1,3,0.268083
vertical_text_000000086.png,vertical_text,,禁止停车,1,4,0.073775
vertical_text_000000087.png,vertical_text,福,可攀树,1,3,0.172772
vertical_text_000000088.png,vertical_text,福,循序渐进,1,4,0.051822
vertical_text_000000089.png,vertical_text,福,消灭蟑螂,1,4,0.159527
vertical_text_000000090.png,vertical_text,营,印美百货,1,4,0.101978
vertical_text_000000091.png,vertical_text,福,扫一扫,1,3,0.071838
vertical_text_000000092.png,vertical_text,品,牙膏,1,2,0.576198
vertical_text_000000093.png,vertical_text,,持续控油,1,4,0.051458
vertical_text_000000094.png,vertical_text,餐,高清效果,1,4,0.035186
vertical_text_000000095.png,vertical_text,意,大门牙姑娘有美梦,1,8,0.039766
vertical_text_000000096.png,vertical_text,福,舒阴除虱膏,1,5,0.171532
vertical_text_000000097.png,vertical_text,,假一赔十,1,4,0.204438
vertical_text_000000098.png,vertical_text,福,小青柑,1,3,0.048315
vertical_text_000000099.png,vertical_text,,全新正品,1,4,0.254087
vertical_text_000000100.png,vertical_text,食,葆顺堂,1,3,0.072185
